"condition","mean_efficacy","sd_efficacy","mean_latency","sd_latency","mean_precision","sd_precision"
2,0.735919020736328,0.109634125342288,23.9589921092336,34.4076036733002,117.496584976467,51.6890454550771
6,0.729615564822684,0.0857389892956375,68.9321531965314,31.2446260390895,63.8440666556049,18.1206987923951
18,0.736565868180659,0.079712616413022,93.5305791331256,27.3882938758226,57.4961809826603,11.227742698115
