twoStreams, eightStreams, End6Strm82msSOA,  Ex6Strm82msSOA 
4.000096e-134,3.861446e-148,5.624276e-02,4.829666e-189
